<?xml version="1.0"?>
<doc>
    <assembly>
        <name>Abp.Web</name>
    </assembly>
    <members>
        <member name="T:Abp.Auditing.WebAuditInfoProvider">
            <summary>
            Implements <see cref="T:Abp.Auditing.IAuditInfoProvider"/> to fill web specific audit informations.
            </summary>
        </member>
        <member name="M:Abp.Auditing.WebAuditInfoProvider.#ctor">
            <summary>
            Creates a new <see cref="T:Abp.Auditing.WebAuditInfoProvider"/>.
            </summary>
        </member>
        <member name="T:Abp.Web.AbpWebApplication">
            <summary>
            This class is used to simplify starting of ABP system using <see cref="P:Abp.Web.AbpWebApplication.AbpBootstrapper"/> class..
            Inherit from this class in global.asax instead of <see cref="T:System.Web.HttpApplication"/> to be able to start ABP system.
            </summary>
        </member>
        <member name="P:Abp.Web.AbpWebApplication.AbpBootstrapper">
            <summary>
            Gets a reference to the <see cref="P:Abp.Web.AbpWebApplication.AbpBootstrapper"/> instance.
            </summary>
        </member>
        <member name="M:Abp.Web.AbpWebApplication.Application_Start(System.Object,System.EventArgs)">
            <summary>
            This method is called by ASP.NET system on web application's startup.
            </summary>
        </member>
        <member name="M:Abp.Web.AbpWebApplication.Application_End(System.Object,System.EventArgs)">
            <summary>
            This method is called by ASP.NET system on web application shutdown.
            </summary>
        </member>
        <member name="M:Abp.Web.AbpWebApplication.Session_Start(System.Object,System.EventArgs)">
            <summary>
            This method is called by ASP.NET system when a session starts.
            </summary>
        </member>
        <member name="M:Abp.Web.AbpWebApplication.Session_End(System.Object,System.EventArgs)">
            <summary>
            This method is called by ASP.NET system when a session ends.
            </summary>
        </member>
        <member name="M:Abp.Web.AbpWebApplication.Application_BeginRequest(System.Object,System.EventArgs)">
            <summary>
            This method is called by ASP.NET system when a request starts.
            </summary>
        </member>
        <member name="M:Abp.Web.AbpWebApplication.Application_EndRequest(System.Object,System.EventArgs)">
            <summary>
            This method is called by ASP.NET system when a request ends.
            </summary>
        </member>
        <member name="M:Abp.Web.AbpWebApplication.TrySetTenantId">
            <summary>
            Tries to set current tenant Id.
            </summary>
        </member>
        <member name="M:Abp.Web.AbpWebApplication.ResolveTenantIdOrNull">
            <summary>
            Resolves current tenant id or returns null if can not.
            </summary>
        </member>
        <member name="T:Abp.Web.AbpWebModule">
            <summary>
            This module is used to use ABP in ASP.NET web applications.
            </summary>
        </member>
        <member name="M:Abp.Web.AbpWebModule.PreInitialize">
            <inheritdoc/>
        </member>
        <member name="M:Abp.Web.AbpWebModule.Initialize">
            <inheritdoc/>
        </member>
        <member name="T:Abp.Web.WebAssemblyFinder">
            <summary>
            This class is used to get all assemblies in bin folder of a web application.
            </summary>
        </member>
        <member name="F:Abp.Web.WebAssemblyFinder.FindAssembliesSearchOption">
            <summary>
            The search option used to find assemblies in bin folder. 
            </summary>
        </member>
        <member name="M:Abp.Web.WebAssemblyFinder.GetAllAssemblies">
            <summary>
            This return all assemblies in bin folder of the web application.
            </summary>
            <returns>List of assemblies</returns>
        </member>
    </members>
</doc>
